proyecto_id,proyecto_nombre,promotor,tecnologia,tecnologia_tipo,mw_proyecto,tension_kv,distribuidora,subestacion,subestacion_raw,sets_capacity_key,provincia,fecha_adversa,tipo_adverso,estado_adverso,boletin,lag_p25_dias,lag_mediana_dias,lag_p75_dias,lag_real_dias,ventana_inicio,ventana_fin,estado_ventana,confianza,prob_afloramiento,descripcion,n_casos_empiricos,confirmacion_fuente,n_proyectos_set
prj_06860,Planta Solar Fotovoltaica Fortuna II,"Calvitero Solar 13, S.L.",Fotovoltaica,gen,6.28,13.2,REE,VALLADOLID NUEVO,ST Valladolid,VALLADOLID T11 13 13.2,,2025-11-04,AAP,desistido,BOCyL,31,187,268,,2025-12-05,2026-07-30,EN_VENTANA,0.85,50,Estimado: 31–268d tras AAP desistido (base historial DSO: 189 casos  ·  total confirmados: 189).,189,,1
prj_02953,Planta Solar Fotovoltaica La Carrasquilla,"Global Solar Energy Dieciocho, S.L.",Fotovoltaica,gen,49.89,132.0,REE,LA LORA,La Lora III-IV,LORA 66,,2023-05-09,AAP_AAC,desistido,BOCyL,31,187,268,,2026-06-01,2024-07-08,SOBREPLAZO,0.85,50,Estimado: 31–268d tras AAP_AAC desistido (base historial DSO: 189 casos  ·  total confirmados: 189).,189,,1
prj_04340,Parque Eólico Acevedo,"Instalaciones Eléctricas de Sanxenxo, S.L.U.",Eólica,gen,8.0,20.0,Viesgo,RIBADEO,Subestación de Ribadeo 132/20 kV,RIBADEO 132,LUGO,2024-04-15,AAP_AAC,archivado,DOG,31,187,268,,2026-06-01,2025-06-15,SOBREPLAZO,0.85,75,Estimado: 31–268d tras AAP_AAC archivado (base historial DSO: 189 casos  ·  total confirmados: 189).,189,,1
prj_05070,Parque Eólico Alvite,"Green Capital Power, S.L.",Eólica,gen,41.4,220.0,REE,LOUSAME,Lousame 220 kV,LOUSAME 220,,2024-10-02,AAP_AAC,denegado,DOG,31,187,268,,2026-06-01,2025-12-02,SOBREPLAZO,0.85,75,Estimado: 31–268d tras AAP_AAC denegado (base historial DSO: 189 casos  ·  total confirmados: 189).,189,,1
prj_05370,PSFV Salvatierra,"Salvatierra Equilibrio Medioambiental, S.L.",Fotovoltaica,gen,139.97,400.0,REE,TABERNAS,Tabernas 400 kV,TABERNAS 400,,2024-12-04,AAP_AAC,denegado,BOJA,31,187,268,,2026-06-01,2026-02-03,SOBREPLAZO,0.85,75,Estimado: 31–268d tras AAP_AAC denegado (base historial DSO: 189 casos  ·  total confirmados: 189).,189,,3
prj_05633,Parque Eólico Ampliación Alto da Croa II,"Wind Premier O Pedregal, S.L.U.",Eólica,gen,4.5,220.0,REE,REGOELLE,Regoelle 220 kV,REGOELLE 220,,2025-02-05,AAP_AAC,denegado,DOG,31,187,268,,2026-06-01,2026-04-07,SOBREPLAZO,0.85,75,Estimado: 31–268d tras AAP_AAC denegado (base historial DSO: 189 casos  ·  total confirmados: 189).,189,,1
prj_02449,Lorca Solar PV,"X-Elio Andaltia Murcia, SL",Fotovoltaica,gen,339.1,132.0,iDE,SMR LORCA,Subestación 132/400 kV Lorca Solar,,NAVARRA,2020-06-09,DIA,archivado,BOE,31,187,268,0.0,2020-06-09,2020-06-09,CONFIRMADO,0.95,75,Afloración confirmada por resolución BOE: 287.6 MW liberados en 0d tras DIA archivado.,189,boe_texto,1
prj_02488,Parque Eólico El Moral,"ESTUDIOS Y PROYECTOS PRADAMAP, S.L.U.",Eólica,gen,48.0,132.0,REE,BUNIEL,BUNIEL 400 kV,BUNIEL T2 45 45,,2023-01-10,AAP,denegado,BOCyL,31,187,268,0.0,2023-01-10,2023-01-10,CONFIRMADO,0.95,75,Afloración confirmada por resolución BOE: 48.0 MW liberados en 0d tras AAP denegado.,189,boe_texto,1
prj_03458,Parque Solar Fotovoltaico Santo Toribio,"Renantis España 1, SLU (antes Falck Renewables Power 1, SL)",Fotovoltaica,gen,88.64,220.0,REE,CAMPOS,Campos de Levante 30/220 kV,CAMPOS 400,,2023-08-21,AAP,denegado,BOE,31,187,268,0.0,2023-08-21,2023-08-21,CONFIRMADO,0.95,75,Afloración confirmada por resolución BOE: 88.6 MW liberados en 0d tras AAP denegado.,189,boe_texto,1
prj_02572,Planta Solar Fotovoltaica Castrillo III,"Planta Fotovoltaica La Cepeda, S.L.",Fotovoltaica,gen,50.0,400.0,REE,MONTEARENAS,Montearenas 400 kV,MONTEARENAS 400,,2023-08-28,AAP,denegado,BOCyL,31,187,268,0.0,2023-08-28,2023-08-28,CONFIRMADO,0.95,75,Afloración confirmada por resolución BOE: 50.0 MW liberados en 0d tras AAP denegado.,189,boe_texto,1
prj_03528,Parque Solar Fotovoltaico Albares,"Green Capital Power, SLU",Fotovoltaica,gen,80.0,132.0,REE,ARROYO DE LA VEGA,La Vega,OSA VEGA  A1  66.000 66,,2023-09-25,AAP,denegado,BOE,31,187,268,0.0,2023-09-25,2023-09-25,CONFIRMADO,0.95,75,Afloración confirmada por resolución BOE: 80.0 MW liberados en 0d tras AAP denegado.,189,boe_texto,1
prj_03574,Parque Eólico Los Corrales,"Green Capital Power, SL",Eólica,gen,58.6,220.0,REE,OLITE,Olite 220 kV,OLITE 220,,2023-10-04,AAP,denegado,BOE,31,187,268,0.0,2023-10-04,2023-10-04,CONFIRMADO,0.95,75,Afloración confirmada por resolución BOE: 58.6 MW liberados en 0d tras AAP denegado.,189,boe_texto,1
prj_03580,Parque Solar Fotovoltaico Formentor Solar,"Nortada Solar, SLU",Fotovoltaica,gen,52.0,220.0,iDE,ALCALA 132,Alcalá II 220 kV,ALCALA      132.00 132,MADRID,2023-10-05,AAP,denegado,BOE,31,187,268,0.0,2023-10-05,2023-10-05,CONFIRMADO,0.95,75,Afloración confirmada por resolución BOE: 52.0 MW liberados en 0d tras AAP denegado.,189,boe_texto,1
prj_03598,Parque Solar Fotovoltaico Gran Fregacedos,"Fotones del Atlántico, SL",Fotovoltaica,gen,111.8,220.0,REE,CAMINO FREGACEDOS,Camino Fregacedos,CAMINO FREGACEDOS 220,,2023-10-09,AAP,denegado,BOE,31,187,268,0.0,2023-10-09,2023-10-09,CONFIRMADO,0.95,75,Afloración confirmada por resolución BOE: 111.8 MW liberados en 0d tras AAP denegado.,189,boe_texto,1
prj_03695,Parque Fotovoltaico Borealis,"Parque FV Borealis, SL",Fotovoltaica,gen,252.0,,REE,ALGETE,Nudo Algete,ALGETE 66,,2023-11-03,AAP,denegado,BOE,31,187,268,0.0,2023-11-03,2023-11-03,CONFIRMADO,0.95,75,Afloración confirmada por resolución BOE: 160.0 MW liberados en 0d tras AAP denegado.,189,boe_texto,3
prj_03703,Parque Eólico El Acebo,"Green Capital Power, SL",Eólica,gen,81.9,220.0,REE,AGUAYO,SE Aguayo 220,AGUAYO 220,,2023-11-06,AAP,denegado,BOE,31,187,268,0.0,2023-11-06,2023-11-06,CONFIRMADO,0.95,75,Afloración confirmada por resolución BOE: 81.9 MW liberados en 0d tras AAP denegado.,189,boe_texto,1
prj_03749,Parque Solar Fotovoltaico Marciaga Solar,"Marciaga Solar, SLU",Fotovoltaica,gen,62.5,400.0,REE,CARTAMA,Cártama 400 kV,CARTAMA 400,,2023-11-15,AAP,denegado,BOE,31,187,268,0.0,2023-11-15,2023-11-15,CONFIRMADO,0.95,75,Afloración confirmada por resolución BOE: 62.5 MW liberados en 0d tras AAP denegado.,189,boe_texto,1
prj_03799,Parque Eólico Abano,"Green Capital Development I, SL",Eólica,gen,76.5,400.0,UFD,CT LA ROBLA,Robla 400 kV,ROBLA 400,LEON,2023-11-27,AAP,denegado,BOE,31,187,268,0.0,2023-11-27,2023-11-27,CONFIRMADO,0.95,75,Afloración confirmada por resolución BOE: 76.5 MW liberados en 0d tras AAP denegado.,189,boe_texto,1
prj_03701,Planta Fotovoltaica Foque Solar,"Foque Solar, SL",Fotovoltaica,gen,112.5,400.0,UFD,SAN FERNANDO,San Fernando 400 kV,SAN FERNANDO 400,MADRID,2023-11-06,AAP,denegado,BOE,31,187,268,22.0,2023-11-28,2023-11-28,CONFIRMADO,0.95,100,Afloración confirmada (historial DSO): +14.9 MW en 22d tras AAP denegado.,189,historial_dso,1
prj_04134,Parque Eólico Carola,"Green Capital Development XII, SL",Eólica,gen,80.0,400.0,iDE,PI SALAS T1 45,Salas 400 kV,SALAS 400,BURGOS,2024-03-11,AAP,denegado,BOE,31,187,268,0.0,2024-03-11,2024-03-11,CONFIRMADO,0.95,75,Afloración confirmada por resolución BOE: 80.0 MW liberados en 0d tras AAP denegado.,189,boe_texto,1
prj_04147,Parque Eólico Rebordechao,"Desarrollos Renovables Iberia Beta, SL",Eólica,gen,154.0,220.0,REE,DO SIL,PE Sil 220 kV,,,2024-03-12,AAP,denegado,BOE,31,187,268,0.0,2024-03-12,2024-03-12,CONFIRMADO,0.95,75,Afloración confirmada por resolución BOE: 154.0 MW liberados en 0d tras AAP denegado.,189,boe_texto,1
prj_04165,Parque Eólico Barjas,"Desarrollos Renovables Iberia Delta, SLU",Eólica,gen,289.0,220.0,REE,TRIVES,Subestación Trives 220 kV,TRIVES 220,,2024-03-15,AAP,denegado,BOE,31,187,268,0.0,2024-03-15,2024-03-15,CONFIRMADO,0.95,75,Afloración confirmada por resolución BOE: 121.0 MW liberados en 0d tras AAP denegado.,189,boe_texto,2
prj_04239,Parque Eólico Sete Fontes,"Green Capital Development 118, SL",Eólica,gen,174.0,400.0,UFD,MESON DO VENTO,Mesón Do Vento,MESON DO VENTO 66,LA CORUÑA,2024-03-26,AAP,denegado,BOE,31,187,268,0.0,2024-03-26,2024-03-26,CONFIRMADO,0.95,75,Afloración confirmada por resolución BOE: 54.0 MW liberados en 0d tras AAP denegado.,189,boe_texto,3
prj_04254,Parque Solar Fotovoltaico Archidona Solar,"Wezen Solar, SL",Fotovoltaica,gen,103.8,400.0,REE,ARCHIDONA,Archidona 400 kV,ARCHIDONA 400,,2024-04-02,AAP,denegado,BOE,31,187,268,0.0,2024-04-02,2024-04-02,CONFIRMADO,0.95,75,Afloración confirmada por resolución BOE: 103.8 MW liberados en 0d tras AAP denegado.,189,boe_texto,1
prj_04298,Parque Solar Fotovoltaico La Dehesilla,"EDP Renovables España, SLU",Fotovoltaica,gen,100.0,400.0,REE,CABRA,Cabra 400 kV,CABRA 400,,2024-04-10,AAP_AAC,denegado,BOE,31,187,268,0.0,2024-04-10,2024-04-10,CONFIRMADO,0.95,75,Afloración confirmada por resolución BOE: 100.0 MW liberados en 0d tras AAP_AAC denegado.,189,boe_texto,1
prj_04325,Planta Solar Fotovoltaica Cordovilla,"ES Planta Solar 7, SL",Fotovoltaica,gen,129.6,220.0,REE,CORDOVILLA,Subestación Cordovilla 220 kV (REE),CORDOVILLA 220,,2024-04-12,AAP_AAC,denegado,BOE,31,187,268,0.0,2024-04-12,2024-04-12,CONFIRMADO,0.95,75,Afloración confirmada por resolución BOE: 129.6 MW liberados en 0d tras AAP_AAC denegado.,189,boe_texto,1
prj_04381,Parque Eólico Diana,"Green Capital Power, SLU",Eólica,gen,151.2,220.0,REE,TUDELA,Tudela 220 kV,TUDELA 220,,2024-04-25,AAP,denegado,BOE,31,187,268,0.0,2024-04-25,2024-04-25,CONFIRMADO,0.95,75,Afloración confirmada por resolución BOE: 88.2 MW liberados en 0d tras AAP denegado.,189,boe_texto,2
prj_04383,Parque Eólico Brisa,"Greenalia Wind Power Brisa, SL",Eólica,gen,173.6,400.0,REE,SILLEDA,SET SILLEDA 400 kV,SILLEDA 400,,2024-04-25,AAP,denegado,BOE,31,187,268,0.0,2024-04-25,2024-04-25,CONFIRMADO,0.95,75,Afloración confirmada por resolución BOE: 61.6 MW liberados en 0d tras AAP denegado.,189,boe_texto,3
prj_04394,Parque Solar Fotovoltaico Navajo,"ES Planta Solar 3, SL",Fotovoltaica,gen,86.4,220.0,REE,CISNEROS,Yunquera / Cisneros (REE),CISNEROS 220,,2024-04-26,AAP,denegado,BOE,31,187,268,0.0,2024-04-26,2024-04-26,CONFIRMADO,0.95,75,Afloración confirmada por resolución BOE: 86.4 MW liberados en 0d tras AAP denegado.,189,boe_texto,1
prj_04416,Parque Fotovoltaico IFV Mezquita,"Proyecto Fotovoltaico Santiponce, SL",Fotovoltaica,gen,105.0,220.0,Endesa,FARGUE,SET Fargue 220 kV,FARGUE 220,Granada,2024-05-03,AAP,denegado,BOE,31,187,268,0.0,2024-05-03,2024-05-03,CONFIRMADO,0.95,75,Afloración confirmada por resolución BOE: 105.0 MW liberados en 0d tras AAP denegado.,189,boe_texto,1
prj_04417,Instalación Fotovoltaica Campos del Turia,"Renantis España 2, SL",Fotovoltaica,gen,170.46,220.0,REE,BERNAT,Subestación Bernat 220 kV (REE),BERNAT 220,,2024-05-03,AAP,denegado,BOE,31,187,268,0.0,2024-05-03,2024-05-03,CONFIRMADO,0.95,75,Afloración confirmada por resolución BOE: 90.5 MW liberados en 0d tras AAP denegado.,189,boe_texto,2
prj_04368,Parque Eólico Gargalois,"Green Capital Development 76, SLU",Eólica,gen,55.0,400.0,Viesgo,EL PALO,El Palo,EL PALO 400,ASTURIAS,2024-04-22,AAP,denegado,BOE,31,187,268,13.0,2024-05-05,2024-05-05,CONFIRMADO,0.95,100,Afloración confirmada (historial DSO): +112.1 MW en 13d tras AAP denegado.,189,historial_dso,1
prj_04476,Parque Solar Fotovoltaico Amura Solar,"Amura Solar, SLU",Fotovoltaica,gen,113.5,400.0,REE,JORDANA,Jordana 400 kV,JORDANA 400,,2024-06-04,AAP,denegado,BOE,31,187,268,0.0,2024-06-04,2024-06-04,CONFIRMADO,0.95,75,Afloración confirmada por resolución BOE: 62.5 MW liberados en 0d tras AAP denegado.,189,boe_texto,2
prj_04559,Parque Eólico Eco,"Green Capital Development 130, SLU",Eólica,gen,186.0,400.0,REE,COMPOSTILLA,Compostilla 400 kV,COMPOSTILLA 400,,2024-06-18,AAP,denegado,BOE,31,187,268,0.0,2024-06-18,2024-06-18,CONFIRMADO,0.95,75,Afloración confirmada por resolución BOE: 72.0 MW liberados en 0d tras AAP denegado.,189,boe_texto,2
prj_03527,Parque Solar Fotovoltaico Aldehuela,"Desarrollos Renovables Madroño, SL",Fotovoltaica,gen,237.48,220.0,REE,LA TORRECILLA,La Torrecilla 220 kV (REE),LA TORRECILLA 220,,2023-09-25,AAP,denegado,BOE,31,187,268,311.0,2024-08-01,2024-08-01,CONFIRMADO,0.95,100,Afloración confirmada (historial DSO): +138.0 MW en 311d tras AAP denegado.,189,historial_dso,2
prj_04932,Parque Eólico Sangorrín,"Planta Solar OPDE 36, SL",Eólica,gen,422.0,220.0,iDE,LA SERNA 66,SET La Serna 220 kV,SERNA 220,NAVARRA,2024-09-02,AAP,denegado,BOE,31,187,268,0.0,2024-09-02,2024-09-02,CONFIRMADO,0.95,75,Afloración confirmada por resolución BOE: 100.0 MW liberados en 0d tras AAP denegado.,189,boe_texto,5
prj_05008,Parque Solar Fotovoltaico Oropesa,"Kalianda Promociones, SL",Fotovoltaica,gen,384.7,220.0,REE,BOADILLA,Boadilla 220 kV,BOADILLA 220,,2024-09-20,AAP,denegado,BOE,31,187,268,0.0,2024-09-20,2024-09-20,CONFIRMADO,0.95,75,Afloración confirmada por resolución BOE: 250.0 MW liberados en 0d tras AAP denegado.,189,boe_texto,2
prj_05018,Parque Eólico El Cid V,"Energías Renovables de Gladiateur 3, SL",Eólica,gen,71.5,400.0,REE,MORELLA,Morella 400 kV,MORELLA 400,,2024-09-23,AAP,denegado,BOE,31,187,268,0.0,2024-09-23,2024-09-23,CONFIRMADO,0.95,75,Afloración confirmada por resolución BOE: 33.0 MW liberados en 0d tras AAP denegado.,189,boe_texto,2
prj_05020,Parque Eólico Jalón 2050,"Jorge Energy X, SL",Eólica,gen,100.0,400.0,REE,RUEDA DE JALON,Rueda de Jalón 400 kV,RUEDA DE JALON 400,,2024-09-23,AAP,denegado,BOE,31,187,268,0.0,2024-09-23,2024-09-23,CONFIRMADO,0.95,75,Afloración confirmada por resolución BOE: 100.0 MW liberados en 0d tras AAP denegado.,189,boe_texto,1
prj_05021,Parque Eólico Naos,"Energía Inagotable de Naos, SL",Eólica,gen,148.5,400.0,Endesa,PIEROLA,Pierola 400 kV,PIEROLA 400,Barcelona,2024-09-24,AAP,denegado,BOE,31,187,268,0.0,2024-09-24,2024-09-24,CONFIRMADO,0.95,75,Afloración confirmada por resolución BOE: 49.5 MW liberados en 0d tras AAP denegado.,189,boe_texto,3
prj_05081,Parque Eólico Rula,"Green Capital Development 112, SL",Eólica,gen,55.0,220.0,REE,TOMEZA,Tomeza 220 kV,TOMEZA 220,,2024-10-07,AAP,denegado,BOE,31,187,268,0.0,2024-10-07,2024-10-07,CONFIRMADO,0.95,75,Afloración confirmada por resolución BOE: 55.0 MW liberados en 0d tras AAP denegado.,189,boe_texto,1
prj_05082,Parque Eólico Fonte Barreiros,"Green Capital Development 100, SL",Eólica,gen,,400.0,REE,XOVE,Xove 400 kV,XOVE 400,,2024-10-07,AAP,denegado,BOE,31,187,268,0.0,2024-10-07,2024-10-07,CONFIRMADO,0.95,75,Afloración confirmada por resolución BOE: 96.0 MW liberados en 0d tras AAP denegado.,189,boe_texto,5
prj_05112,Parque Eólico Securita,"Energía Inagotable de Securita, SL",Eólica,gen,342.25,400.0,REE,VITORIA,Vitoria 400 kV,VITORIA 400,,2024-10-11,AAP,denegado,BOE,31,187,268,0.0,2024-10-11,2024-10-11,CONFIRMADO,0.95,75,Afloración confirmada por resolución BOE: 48.0 MW liberados en 0d tras AAP denegado.,189,boe_texto,9
prj_05129,Parque Fotovoltaico Vulturno,"Energía Inagotable de Vulturno, SL",Fotovoltaica,gen,83.49,220.0,REE,SANTA ENGRACIA,Santa Engracia 220 kV,SANTA ENGRACIA 220,,2024-10-16,AAP,denegado,BOE,31,187,268,0.0,2024-10-16,2024-10-16,CONFIRMADO,0.95,75,Afloración confirmada por resolución BOE: 44.2 MW liberados en 0d tras AAP denegado.,189,boe_texto,2
prj_05148,Parque Eólico Son,"Energía Inagotable de Son, SL",Eólica,gen,388.7,220.0,REE,JUNDIZ,Jundiz,JUNDIZ 220,,2024-10-21,AAP,denegado,BOE,31,187,268,0.0,2024-10-21,2024-10-21,CONFIRMADO,0.95,75,Afloración confirmada por resolución BOE: 49.5 MW liberados en 0d tras AAP denegado.,189,boe_texto,8
prj_05166,Parque Eólico Keneo,"Energía Inagotable de Keneo, SL",Eólica,gen,76.83,400.0,REE,CASTEJON,Castejón,CASTEJON 400,,2024-10-23,AAP,denegado,BOE,31,187,268,0.0,2024-10-23,2024-10-23,CONFIRMADO,0.95,75,Afloración confirmada por resolución BOE: 49.5 MW liberados en 0d tras AAP denegado.,189,boe_texto,2
prj_05196,Parque Eólico Cabeza Gorda,"Sistemas Energéticos Balazote, SA",Eólica,gen,124.0,400.0,REE,CIUDAD RODRIGO,Ciudad Rodrigo 400 kV,CIUDAD RODRIGO 400,,2024-10-30,AAP,denegado,BOE,31,187,268,0.0,2024-10-30,2024-10-30,CONFIRMADO,0.95,75,Afloración confirmada por resolución BOE: 124.0 MW liberados en 0d tras AAP denegado.,189,boe_texto,1
prj_05333,Parque Eólico Sierra de la Parada,"Enel Green Power España, SL",Eólica,gen,55.0,400.0,REE,APARECIDA,Aparecida 400 kV,APARECIDA 400,,2024-11-28,AAP,denegado,BOE,31,187,268,0.0,2024-11-28,2024-11-28,CONFIRMADO,0.95,75,Afloración confirmada por resolución BOE: 55.0 MW liberados en 0d tras AAP denegado.,189,boe_texto,1
prj_05335,Instalación Híbrida Araña,"Nicewind Partners, SL",Eólica+BESS,gen+alm,72.95,220.0,REE,VALLEJERA,Vallejera 220 kV,VALLEJERA 220,,2024-11-28,AAP,denegado,BOE,31,187,268,0.0,2024-11-28,2024-11-28,CONFIRMADO,0.95,75,Afloración confirmada por resolución BOE: 73.0 MW liberados en 0d tras AAP denegado.,189,boe_texto,1
prj_05334,Parque Eólico Taranis,"Energías Renovables de Taranis, SL",Eólica,gen,87.7,400.0,Endesa,BEGUES,Begues 400 kV,BEGUES 400,Barcelona,2024-11-28,AAP,denegado,BOE,31,187,268,4.0,2024-12-02,2024-12-02,CONFIRMADO,0.95,100,Afloración confirmada (historial DSO): +581.0 MW en 4d tras AAP denegado.,189,historial_dso,2
prj_05359,Parque Fotovoltaico GR Avutarda,"GR Avutarda Renovables, SL",Fotovoltaica,gen,99.99,66.0,Endesa,CUBILLO,SET Usanos 30/66 kV - SET El Cubillo 30/66/132 kV,CUBILLO 66,Cádiz,2024-12-04,AAP,denegado,BOE,31,187,268,0.0,2024-12-04,2024-12-04,CONFIRMADO,0.95,75,Afloración confirmada por resolución BOE: 100.0 MW liberados en 0d tras AAP denegado.,189,boe_texto,1
prj_05360,Parque Fotovoltaico GR Sisón,"GR Sisón Renovables, SL",Fotovoltaica,gen,99.99,132.0,REE,TRES CANTOS,Tres Cantos 132/220 kV,TRES CANTOS 220,,2024-12-04,AAP,denegado,BOE,31,187,268,0.0,2024-12-04,2024-12-04,CONFIRMADO,0.95,75,Afloración confirmada por resolución BOE: 100.0 MW liberados en 0d tras AAP denegado.,189,boe_texto,1
prj_05361,Parque Solar Fotovoltaico Peñalara Solar,"Peñalara Solar, SL",Fotovoltaica,gen,100.0,220.0,REE,ARENAS DE SAN JUAN,SET Viso de San Juan,ARENAS DE SAN JUAN 220,,2024-12-04,AAP,denegado,BOE,31,187,268,0.0,2024-12-04,2024-12-04,CONFIRMADO,0.95,75,Afloración confirmada por resolución BOE: 100.0 MW liberados en 0d tras AAP denegado.,189,boe_texto,1
prj_05380,Parque Eólico Loma de la Cuesta Quemada,"Alfanar Energía España, SL",Eólica,gen,64.5,220.0,REE,GAROA,Garoña 220 kV,GAROÑA 220,,2024-12-10,AAP,denegado,BOE,31,187,268,0.0,2024-12-10,2024-12-10,CONFIRMADO,0.95,75,Afloración confirmada por resolución BOE: 64.5 MW liberados en 0d tras AAP denegado.,189,boe_texto,1
prj_05234,Parque Eólico Avoceta Wind,"Avoceta Solar, S.L.",Eólica,gen,,220.0,UFD,VELLE,Velle 220 kV,VELLE 220,ORENSE,2024-11-07,AAP_AAC,denegado,DOG,31,187,268,40.0,2024-12-17,2024-12-17,CONFIRMADO,0.95,100,Afloración confirmada (historial DSO): +9.4 MW en 40d tras AAP_AAC denegado.,189,historial_dso,1
prj_05435,Cerredo Solar,"Cerredo Solar, SL",Fotovoltaica,gen,100.0,220.0,REE,TORREJON DE VELASCO,Torrejón de Velasco 220 kV,TORREJON DE VELASCO 400,,2024-12-19,AAP,denegado,BOE,31,187,268,0.0,2024-12-19,2024-12-19,CONFIRMADO,0.95,75,Afloración confirmada por resolución BOE: 100.0 MW liberados en 0d tras AAP denegado.,189,boe_texto,1
prj_05453,Parque Solar Fotovoltaico Carmina Solar 2,"Solaria Promoción y Desarrollo Fotovoltaico, SLU",Fotovoltaica,gen,459.69,220.0,REE,FUENLABRADA,Fuenlabrada 220 kV,FUENLABRADA 220,,2024-12-20,AAP,denegado,BOE,31,187,268,0.0,2024-12-20,2024-12-20,CONFIRMADO,0.95,75,Afloración confirmada por resolución BOE: 92.8 MW liberados en 0d tras AAP denegado.,189,boe_texto,7
prj_05447,Instalación Fotovoltaica Gasset,"Green Capital Development 80, SLU",Fotovoltaica,gen,200.0,220.0,REE,PRADO SANTO DOMINGO,Prado Santo Domingo,PRADO SANTO DOMINGO 220,,2024-12-20,AAP,denegado,BOE,31,187,268,0.0,2024-12-20,2024-12-20,CONFIRMADO,0.95,75,Afloración confirmada por resolución BOE: 200.0 MW liberados en 0d tras AAP denegado.,189,boe_texto,1
prj_05448,Parque Fotovoltaico Carolina Solar PV,"Shell Desarrollo 1, SLU",Fotovoltaica,gen,251.74,220.0,REE,VALLECAS,Vallecas 220 kV,VALLECAS 220,,2024-12-20,AAP_AAC,denegado,BOE,31,187,268,0.0,2024-12-20,2024-12-20,CONFIRMADO,0.95,75,Afloración confirmada por resolución BOE: 251.7 MW liberados en 0d tras AAP_AAC denegado.,189,boe_texto,1
prj_05479,Parque Solar Fotovoltaico Trigo,"38 Instalación Solar Mazarrón, SL",Fotovoltaica,gen,139.6,400.0,REE,LA CEREAL,La Cereal 400 kV,LA CEREAL 400,,2024-12-30,AAP,denegado,BOE,31,187,268,0.0,2024-12-30,2024-12-30,CONFIRMADO,0.95,75,Afloración confirmada por resolución BOE: 40.4 MW liberados en 0d tras AAP denegado.,189,boe_texto,3
prj_05480,FV Daganzo Altair I,"Altair Ecosolar, SL",Fotovoltaica,gen,102.0,220.0,REE,DAGANZO,Daganzo 220 kV,DAGANZO 220,,2024-12-30,AAP,denegado,BOE,31,187,268,0.0,2024-12-30,2024-12-30,CONFIRMADO,0.95,75,Afloración confirmada por resolución BOE: 51.0 MW liberados en 0d tras AAP denegado.,189,boe_texto,2
prj_05484,Parque Solar Fotovoltaico Valdemoro VI,"Fornax One Sun, SL",Fotovoltaica,gen,47.81,220.0,UFD,VALDEMORO,Valdemoro 220 kV,VALDEMORO 220,MADRID,2024-12-30,AAP,denegado,BOE,31,187,268,0.0,2024-12-30,2024-12-30,CONFIRMADO,0.95,75,Afloración confirmada por resolución BOE: 47.8 MW liberados en 0d tras AAP denegado.,189,boe_texto,1
prj_05585,Parque Solar Fotovoltaico Cubillos FV,"Jerte Renovables, SL",Fotovoltaica,gen,56.1,220.0,REE,ZAMORA,Zamora 220 kV,ZAMORA 220,,2025-01-24,AAP,denegado,BOE,31,187,268,0.0,2025-01-24,2025-01-24,CONFIRMADO,0.95,75,Afloración confirmada por resolución BOE: 56.1 MW liberados en 0d tras AAP denegado.,189,boe_texto,1
prj_05663,Planta Solar Fotovoltaica Orquidea,"Orquídea Energy, S.L.U.",Fotovoltaica,gen,10.29,400.0,REE,MEDINACELI,Medinaceli 400 kV,MEDINACELI 400,,2025-02-14,AAP_AAC,desfavorable,BOCyL,31,187,268,0.0,2025-02-14,2025-02-14,CONFIRMADO,0.95,75,Afloración confirmada por resolución BOE: 10.3 MW liberados en 0d tras AAP_AAC desfavorable.,189,boe_texto,1
prj_05727,Parque Eólico Cerevil,"Green Capital Power, SLU",Eólica,gen,153.0,220.0,REE,VILLIMAR,Villimar,VILLIMAR 220,,2025-03-03,AAP,denegado,BOE,31,187,268,0.0,2025-03-03,2025-03-03,CONFIRMADO,0.95,75,Afloración confirmada por resolución BOE: 153.0 MW liberados en 0d tras AAP denegado.,189,boe_texto,1
prj_05856,Parque Eólico Maya,"Green Capital Power, SL",Eólica,gen,51.98,132.0,REE,ABANTO,SET Abanto 132 kV,ABANTO      132.00 132,,2025-03-27,AAP,denegado,BOE,31,187,268,0.0,2025-03-27,2025-03-27,CONFIRMADO,0.95,75,Afloración confirmada por resolución BOE: 52.0 MW liberados en 0d tras AAP denegado.,189,boe_texto,1
prj_05854,Parque Solar Fotovoltaico Prado Nuevo,"Benbros Solar 3, SL",Fotovoltaica,gen,76.57,220.0,REE,SANTIZ,Santiz 220 kV,SANTIZ 220,,2025-03-27,AAP,desistido,BOE,31,187,268,0.0,2025-03-27,2025-03-27,CONFIRMADO,0.95,75,Afloración confirmada por resolución BOE: 65.0 MW liberados en 0d tras AAP desistido.,189,boe_texto,1
prj_06285,Planta Solar Fotovoltaica La Encina II,"Monoceros Solar, SL",Fotovoltaica,gen,55.69,30.0,REE,BENEJAMA,SET Benejama Colectora 220/30 kV,BENEJAMA T1  20,,2025-06-05,AAP,desistido,BOE,31,187,268,0.0,2025-06-05,2025-06-05,CONFIRMADO,0.95,75,Afloración confirmada por resolución BOE: 27.0 MW liberados en 0d tras AAP desistido.,189,boe_texto,2
prj_06341,Planta Termosolar Híbrida Solgest-1,"Proasego Energías Alternativas, SL",Termosolar,gen,138.98,220.0,Endesa,CARMONA,Carmona 220 kV,CARMONA 220,Sevilla,2025-06-16,AAP,denegado,BOE,31,187,268,0.0,2025-06-16,2025-06-16,CONFIRMADO,0.95,75,Afloración confirmada por resolución BOE: 139.0 MW liberados en 0d tras AAP denegado.,189,boe_texto,1
prj_06342,Parque Eólico Perseus,"Energía Inagotable de Perseus, SL",Eólica,gen,7.0,220.0,Endesa,TARDIENTA,SET Tardienta 30/220 kV,TARDIENTA 45,Huesca,2025-06-16,AAP,denegado,BOE,31,187,268,0.0,2025-06-16,2025-06-16,CONFIRMADO,0.95,75,Afloración confirmada por resolución BOE: 7.0 MW liberados en 0d tras AAP denegado.,189,boe_texto,1
prj_06431,Parque Eólico Alto Bierzo-Sil,"Cefiro Holdco 2, SL",Eólica,gen,126.0,220.0,REE,ONDINAS,SET Ondinas 220 kV,ONDINAS 220,,2025-08-06,AAP,denegado,BOE,31,187,268,0.0,2025-08-06,2025-08-06,CONFIRMADO,0.95,75,Afloración confirmada por resolución BOE: 126.0 MW liberados en 0d tras AAP denegado.,189,boe_texto,1
prj_06503,Parque Eólico Híbrido Serrezuela,"Parque Eólico Serrezuela, S.L.U.",Eólica+BESS,gen+alm,48.8,220.0,REE,TREVAGO,SE Trévago 220 kV,TREVAGO 220,,2025-08-26,AAP,denegado,BOCyL,31,187,268,0.0,2025-08-26,2025-08-26,CONFIRMADO,0.95,75,Afloración confirmada por resolución BOE: 48.8 MW liberados en 0d tras AAP denegado.,189,boe_texto,1
prj_05245,Parque Eólico Gomeisa,"Energía Inagotable de Gomeisa, SL",Eólica,gen,297.0,400.0,Endesa,RUBI,Rubí 400 kV,RUBI 400,Barcelona,2024-11-11,AAP,denegado,BOE,31,187,268,324.0,2025-10-01,2025-10-01,CONFIRMADO,0.95,100,Afloración confirmada (historial DSO): +8.9 MW en 324d tras AAP denegado.,189,historial_dso,6
prj_06657,Parque Eólico Campanario V Híbrido Con FV Campanario V,"Elawan Fotovoltaica Campanario 5, SL",Eólica+BESS,gen+alm,30.0,30.0,REE,CAMPANARIO,Elawan Campanario 30/132 kV,CAMPANARIO 400,,2025-10-06,AAP_AAC,denegado,BOE,31,187,268,0.0,2025-10-06,2025-10-06,CONFIRMADO,0.95,75,Afloración confirmada por resolución BOE: 15.0 MW liberados en 0d tras AAP_AAC denegado.,189,boe_texto,2
prj_06694,Parque Eólico Oencia,"Cefiro Holdco 3, SLU",Eólica,gen,217.0,220.0,REE,CORNATEL,Cornatel 220 kV,CORNATEL 220,,2025-10-09,AAP,denegado,BOE,31,187,268,0.0,2025-10-09,2025-10-09,CONFIRMADO,0.95,75,Afloración confirmada por resolución BOE: 217.0 MW liberados en 0d tras AAP denegado.,189,boe_texto,1
prj_06783,Proyecto Ríos FV,"ISC Greenfield 9, SL",FV+Eólica,gen,66.5,220.0,REE,LOS LEONES,Los Leones 220 kV,LOS LEONES 220,,2025-10-23,AAP,desistido,BOE,31,187,268,0.0,2025-10-23,2025-10-23,CONFIRMADO,0.95,75,Afloración confirmada por resolución BOE: 66.5 MW liberados en 0d tras AAP desistido.,189,boe_texto,1
prj_05809,Parque Eólico Barreiros IV,"WPD-Tecnorenova, SLU",Eólica,gen,49.5,132.0,Viesgo,SANZO,SE Sanzo 132 kV,SANZO 132,ASTURIAS,2025-03-20,AAP,denegado,BOE,31,187,268,226.0,2025-11-01,2025-11-01,CONFIRMADO,0.95,100,Afloración confirmada (historial DSO): +62.7 MW en 226d tras AAP denegado.,189,historial_dso,1
prj_06848,Instalación Fotovoltaica Sagra II,"Mitra Gamma, SLU",Fotovoltaica,gen,205.0,220.0,REE,PINTO AYUDEN,Pinto Ayuden 220 kV,PINTO AYUDEN 220,,2025-11-03,AAP,denegado,BOE,31,187,268,0.0,2025-11-03,2025-11-03,CONFIRMADO,0.95,75,Afloración confirmada por resolución BOE: 111.0 MW liberados en 0d tras AAP denegado.,189,boe_texto,2
prj_06859,Instalación Fotovoltaica Sagra I,"Mitra Gamma, SLU",Fotovoltaica,gen,205.0,220.0,REE,LA SAGRA,SET Sagra I 30/220 kV,LA SAGRA 220,,2025-11-04,AAP_AAC,denegado,BOE,31,187,268,0.0,2025-11-04,2025-11-04,CONFIRMADO,0.95,75,Afloración confirmada por resolución BOE: 111.0 MW liberados en 0d tras AAP_AAC denegado.,189,boe_texto,2
prj_06880,Instalación Fotovoltaica Almansa 1,"SPV Figsel Trade, SL",Fotovoltaica,gen,75.6,400.0,REE,MONTESA,SET Montesa 400 kV (REE),MONTESA 400,,2025-11-06,AAP_AAC,desistido,BOE,31,187,268,0.0,2025-11-06,2025-11-06,CONFIRMADO,0.95,75,Afloración confirmada por resolución BOE: 75.6 MW liberados en 0d tras AAP_AAC desistido.,189,boe_texto,1
prj_06935,Instalación Fotovoltaica Pagos De Sierra,"Gantry Investments, SL",Fotovoltaica,gen,170.0,220.0,REE,PUEBLA DE GUZMAN,Puebla de Guzmán,PUEBLA DE GUZMAN 220,,2025-11-13,AAP,denegado,BOE,31,187,268,0.0,2025-11-13,2025-11-13,CONFIRMADO,0.95,75,Afloración confirmada por resolución BOE: 170.0 MW liberados en 0d tras AAP denegado.,189,boe_texto,1
prj_06934,Crucero Solar,"Crucero Solar, SLU",Fotovoltaica,gen,56.5,400.0,Endesa,GUILLENA,Guillena 400 kV,GUILLENA 400,Sevilla,2025-11-13,AAP,denegado,BOE,31,187,268,0.0,2025-11-13,2025-11-13,CONFIRMADO,0.95,75,Afloración confirmada por resolución BOE: 56.5 MW liberados en 0d tras AAP denegado.,189,boe_texto,1
prj_05487,Parque Solar Fotovoltaico Maragato Solar 1,"Maragato Solar Uno, SL",Fotovoltaica,gen,153.4,220.0,iDE,VALDERREY T1 13,SET Valderrey 220 kV,VALDERREY T1 45 45,ZAMORA,2024-12-30,AAP_AAC,desistido,BOE,31,187,268,426.0,2026-03-01,2026-03-01,CONFIRMADO,0.95,100,Afloración confirmada (historial DSO): +7.6 MW en 426d tras AAP_AAC desistido.,189,historial_dso,1
prj_06847,Parque Fotovoltaico Tendetes,"Proyecto Fotovoltaico Tendetes, SLU",Fotovoltaica,gen,165.0,220.0,iDE,CANTALAR T1,SET El Cantalar (REE),EL CANTALAR 220,ALICANTE,2025-11-03,AAP,desistido,BOE,31,187,268,118.0,2026-03-01,2026-03-01,CONFIRMADO,0.95,100,Afloración confirmada (historial DSO): +4.4 MW en 118d tras AAP desistido.,189,historial_dso,1
prj_07178,Parque Eólico Batifol,"SPK Ansar, SL",Eólica,gen,54.4,400.0,Viesgo,LUDRIO,Ludrio 400 kV (REE),LUDRIO 400,LUGO,2026-03-18,AAP,desistido,BOE,31,187,268,0.0,2026-03-18,2026-03-18,CONFIRMADO,0.95,75,Afloración confirmada por resolución BOE: 54.4 MW liberados en 0d tras AAP desistido.,189,boe_texto,1
